,Iteration,pararel_time,total_time,now_obj,now_conv,num_call_obj,num_call_nbl
0,0,0.0,0.0,1000000.0,1.7976931348623157e+308,0,0
0,1,0.078125,0.078125,465182.14252247295,534817.8574775271,41,1
0,2,0.15625,0.15625,462073.1096406271,3109.0328818458365,63,2
0,3,0.234375,0.21875,460055.5848745076,2017.524766119488,85,3
0,4,0.296875,0.28125,458374.29941653856,1681.285457969061,106,4
0,5,0.34375,0.328125,457110.6919489935,1263.60746754508,127,5
0,6,0.40625,0.375,456371.94732027274,738.7446287207422,149,6
0,7,0.46875,0.4375,455049.66977369937,1322.277546573372,170,7
0,8,0.53125,0.484375,454238.9853966876,810.6843770117848,191,8
0,9,0.609375,0.546875,453530.44037639955,708.5450202880311,210,9
0,10,0.640625,0.578125,452877.99447799916,652.4458984003868,230,10
0,11,0.703125,0.640625,452422.15894926805,455.8355287311133,252,11
0,12,0.734375,0.671875,452093.921415979,328.23753328906605,272,12
0,13,0.8125,0.734375,451702.1338888038,391.78752717521274,294,13
0,14,0.875,0.796875,451066.7362800084,635.3976087953779,315,14
0,15,0.953125,0.859375,450679.93769251707,386.79858749132836,337,15
0,16,1.015625,0.921875,450461.2856268034,218.65206571365707,359,16
0,17,1.0625,0.96875,449951.45989948657,509.82572731684195,380,17
0,18,1.125,1.03125,449603.5642101694,347.89568931714166,401,18
0,19,1.21875,1.109375,449118.9591635994,484.60504657001,421,19
0,20,1.28125,1.171875,448427.9662938178,690.9928697816213,439,20
0,21,1.328125,1.21875,448258.6289964042,169.33729741361458,456,21
0,22,1.375,1.265625,448112.12413818866,146.5048582155141,475,22
0,23,1.4375,1.328125,447744.0036998817,368.12043830694165,495,23
0,24,1.484375,1.375,447514.12167250493,229.8820273767924,515,24
0,25,1.59375,1.46875,447194.5121359538,319.6095365511137,536,25
0,26,1.671875,1.53125,447009.2891475914,185.22298836242408,557,26
0,27,1.75,1.59375,446911.025092276,98.26405531540513,579,27
0,28,1.828125,1.671875,446842.3088957658,68.71619651018409,599,28
0,29,1.90625,1.734375,446763.1466370786,79.1622586871963,619,29
0,30,1.96875,1.796875,446711.53361696453,51.61302011407679,641,30
0,31,2.03125,1.859375,446555.1282893422,156.40532762231305,662,31
0,32,2.09375,1.921875,446419.57344296394,135.55484637827612,683,32
0,33,2.140625,1.96875,446292.0285760551,127.54486690886552,703,33
0,34,2.171875,2.0,446229.572611644,62.455964411085006,725,34
0,35,2.21875,2.046875,446159.7968792163,69.77573242771905,745,35
0,36,2.28125,2.109375,446007.65479548404,152.14208373223664,766,36
0,37,2.375,2.203125,445943.33713538694,64.317660097091,788,37
0,38,2.40625,2.234375,445793.0286517682,150.30848361871904,807,38
0,39,2.484375,2.3125,445634.65736710443,158.37128466379363,827,39
0,40,2.5625,2.375,445545.37643285893,89.28093424550025,846,40
0,41,2.625,2.4375,445484.77613768406,60.600295174866915,866,41
0,42,2.671875,2.484375,445442.25663028663,42.51950739743188,888,42
0,43,2.734375,2.546875,445322.589151361,119.6674789256067,907,43
0,44,2.796875,2.609375,445266.9496854831,55.639465877902694,923,44
0,45,2.84375,2.65625,445233.95248563355,32.99719984957483,944,45
0,46,2.90625,2.71875,445182.70934003167,51.243145601882134,965,46
0,47,2.96875,2.78125,445091.6566688679,91.05267116375035,986,47
0,48,3.015625,2.828125,445029.8430582094,61.813610658515245,1007,48
0,49,3.09375,2.890625,444996.53495326213,33.308104947267566,1027,49
0,50,3.140625,2.9375,444949.94067412766,46.594279134471435,1048,50
0,51,3.203125,2.984375,444923.93491537595,26.005758751707617,1069,51
0,52,3.265625,3.046875,444911.54720458866,12.387710787297692,1092,52
0,53,3.3125,3.09375,444885.37114337296,26.176061215694062,1112,53
0,54,3.359375,3.140625,444833.54566689854,51.8254764744197,1133,54
0,55,3.46875,3.234375,444806.36409783864,27.181569059903268,1153,55
0,56,3.546875,3.296875,444753.1724765331,53.19162130553741,1173,56
0,57,3.609375,3.359375,444715.7871985314,37.38527800171869,1193,57
0,58,3.65625,3.40625,444691.774383257,24.0128152743564,1215,58
0,59,3.703125,3.453125,444643.40035871684,48.37402454018593,1236,59
0,60,3.78125,3.515625,444621.8629815319,21.537377184955403,1257,60
0,61,3.84375,3.578125,444600.26893614203,21.59404538985109,1278,61
0,62,3.90625,3.640625,444557.8509142206,42.418021921417676,1299,62
0,63,3.953125,3.6875,444508.1946989897,49.65621523093432,1319,63
0,64,4.015625,3.75,444484.95139057515,23.243308414530475,1341,64
0,65,4.09375,3.8125,444454.84292891255,30.108461662603077,1361,65
0,66,4.15625,3.875,444410.908904089,43.93402482353849,1380,66
0,67,4.25,3.953125,444385.7098248044,25.199079284619074,1399,67
0,68,4.3125,4.015625,444370.5645563112,15.145268493215553,1418,68
0,69,4.375,4.078125,444346.0037051898,24.560851121379528,1438,69
0,70,4.453125,4.15625,444331.99225757923,14.011447610566393,1459,70
0,71,4.515625,4.21875,444317.2100881756,14.78216940362472,1479,71
0,72,4.59375,4.28125,444301.41384661506,15.796241560543422,1499,72
0,73,4.671875,4.359375,444270.6912305962,30.722616018843837,1520,73
0,74,4.75,4.421875,444255.6271627325,15.064067863742821,1539,74
0,75,4.796875,4.46875,444237.81009748613,17.81706524634501,1559,75
0,76,4.859375,4.53125,444228.36726274155,9.442834744579159,1580,76
0,77,4.921875,4.59375,444192.22612516815,36.141137573402375,1598,77
0,78,4.96875,4.640625,444167.5413551752,24.68476999294944,1617,78
0,79,5.046875,4.703125,444156.14787688025,11.39347829495091,1639,79
0,80,5.09375,4.75,444148.2815329568,7.866343923436943,1660,80
0,81,5.15625,4.8125,444130.66267564497,17.618857311841566,1680,81
0,82,5.234375,4.875,444109.1762249041,21.486450740892906,1700,82
0,83,5.28125,4.90625,444098.19061957806,10.985605326015502,1718,83
0,84,5.328125,4.953125,444085.6724082722,12.518211305839941,1737,84
0,85,5.40625,5.015625,444075.0383687539,10.634039518306963,1758,85
0,86,5.453125,5.0625,444065.53807331604,9.50029543787241,1779,86
0,87,5.53125,5.125,444058.89842134324,6.639651972800493,1801,87
0,88,5.578125,5.171875,444052.04123383854,6.857187504705507,1821,88
0,89,5.65625,5.234375,444049.04092471587,3.0003091226681136,1841,89
0,90,5.75,5.328125,444033.91661865637,15.124306059500668,1861,90
0,91,5.796875,5.375,444013.9716658459,19.944952810474206,1881,91
0,92,5.859375,5.421875,444004.7046000276,9.267065818305127,1902,92
0,93,5.921875,5.484375,444001.08820490877,3.6163951188209467,1925,93
0,94,5.953125,5.515625,443996.26995809795,4.818246810813434,1947,94
0,95,6.0,5.5625,443990.1765770827,6.093381015234627,1967,95
0,96,6.0625,5.625,443980.27555249864,9.901024584076367,1988,96
0,97,6.125,5.6875,443975.12021708896,5.155335409683175,2010,97
0,98,6.171875,5.734375,443965.2417069876,9.878510101349093,2031,98
0,99,6.265625,5.828125,443961.58316121035,3.65854577725986,2052,99
0,100,6.3125,5.875,443955.41906945314,6.164091757207643,2072,100
0,101,6.390625,5.9375,443949.4447925489,5.974276904249564,2093,101
0,102,6.453125,6.0,443942.8312827869,6.61350976198446,2113,102
0,103,6.515625,6.046875,443939.98859913496,2.8426836519502103,2135,103
0,104,6.578125,6.109375,443933.2204758831,6.768123251851648,2156,104
0,105,6.65625,6.171875,443927.2202873381,6.00018854503287,2175,105
0,106,6.734375,6.234375,443924.68954343675,2.5307439013267867,2197,106
0,107,6.8125,6.296875,443920.30518694606,4.3843564906856045,2218,107
0,108,6.90625,6.390625,443910.5762260718,9.72896087425761,2235,108
0,109,6.984375,6.453125,443902.4422788884,8.13394718337804,2255,109
0,110,7.078125,6.53125,443899.3889057107,3.053373177710455,2276,110
0,111,7.15625,6.59375,443888.66095123894,10.727954471774865,2296,111
0,112,7.234375,6.65625,443880.28447861684,8.376472622097936,2315,112
0,113,7.296875,6.71875,443873.5306744343,6.753804182517342,2334,113
0,114,7.34375,6.765625,443871.63302299124,1.897651443083305,2354,114
0,115,7.421875,6.828125,443869.5392884897,2.0937345015699975,2376,115
0,116,7.46875,6.875,443865.83260168915,3.7066868005204014,2395,116
0,117,7.5625,6.953125,443859.1080202277,6.724581461458001,2416,117
0,118,7.640625,7.015625,443852.69946306816,6.408557159535121,2437,118
0,119,7.6875,7.0625,443849.4889332417,3.210529826465063,2458,119
0,120,7.75,7.109375,443846.3612900241,3.127643217565492,2480,120
0,121,7.8125,7.171875,443839.03194791503,7.329342109092977,2500,121
0,122,7.890625,7.234375,443834.93541760143,4.09653031360358,2521,122
0,123,7.96875,7.296875,443831.9743684714,2.9610491300118156,2542,123
0,124,8.03125,7.359375,443827.9896939794,3.9846744920359924,2561,124
0,125,8.078125,7.40625,443825.435564733,2.5541292463894933,2582,125
0,126,8.15625,7.484375,443821.77053733176,3.6650274012354203,2603,126
0,127,8.203125,7.53125,443818.73572032363,3.0348170081269927,2624,127
0,128,8.265625,7.59375,443816.82939063496,1.9063296886743046,2645,128
0,129,8.3125,7.640625,443812.4167096253,4.412681009678636,2665,129
0,130,8.390625,7.703125,443808.9757134469,3.440996178367641,2686,130
0,131,8.46875,7.765625,443803.96180970175,5.013903745159041,2706,131
0,132,8.546875,7.84375,443801.82366550853,2.1381441932171583,2727,132
0,133,8.625,7.90625,443800.95900485636,0.8646606521797366,2748,133
0,134,8.703125,7.984375,443795.5947930899,5.3642117664567195,2767,134
0,135,8.78125,8.0625,443791.59567536553,3.9991177243646234,2788,135
0,136,8.828125,8.109375,443787.37979415664,4.215881208889186,2807,136
0,137,8.875,8.15625,443784.47700227797,2.9027918786741793,2828,137
0,138,8.9375,8.21875,443781.7615398356,2.715462442371063,2849,138
0,139,9.0,8.28125,443779.41919709364,2.3423427419620566,2872,139
0,140,9.046875,8.328125,443774.473924207,4.94527288665995,2891,140
0,141,9.109375,8.390625,443773.0495544479,1.424369759100955,2913,141
0,142,9.171875,8.453125,443770.8914593397,2.158095108170528,2934,142
0,143,9.21875,8.5,443768.3328423023,2.55861703742994,2956,143
0,144,9.296875,8.578125,443767.53997031855,0.7928719837218523,2978,144
0,145,9.375,8.640625,443763.2749587079,4.265011610637885,2999,145
0,146,9.4375,8.703125,443761.749203645,1.5257550629321486,3020,146
0,147,9.484375,8.75,443759.8683227841,1.8808808609028347,3042,147
0,148,9.5625,8.8125,443759.17562588566,0.6926968984189443,3064,148
0,149,9.625,8.875,443758.144944576,1.0306813096394762,3085,149
0,150,9.671875,8.921875,443756.2020490498,1.9428955262410454,3105,150
0,151,9.734375,8.96875,443754.40167774394,1.8003713058424182,3126,151
0,152,9.8125,9.046875,443752.524078347,1.8775993969175033,3147,152
0,153,9.859375,9.09375,443751.3985122141,1.1255661329487339,3169,153
0,154,9.9375,9.15625,443749.92762772675,1.4708844873239286,3190,154
0,155,10.015625,9.21875,443748.4714316691,1.4561960576684214,3210,155
0,156,10.09375,9.296875,443747.1494645531,1.321967115974985,3232,156
0,157,10.171875,9.359375,443744.66625381616,2.4832107369438745,3250,157
0,158,10.234375,9.40625,443743.7432877714,0.922966044745408,3270,158
0,159,10.3125,9.46875,443742.1803622622,1.562925509235356,3290,159
0,160,10.359375,9.515625,443740.8368193896,1.343542872578837,3310,160
0,161,10.4375,9.59375,443739.83491860924,1.0019007803639397,3331,161
0,162,10.5,9.65625,443738.6379881341,1.196930475125555,3351,162
0,163,10.546875,9.703125,443737.3037042709,1.3342838631942868,3371,163
0,164,10.625,9.765625,443735.9151325834,1.3885716875083745,3392,164
0,165,10.671875,9.8125,443733.70224639965,2.2128861837554723,3412,165
0,166,10.71875,9.859375,443732.4337783913,1.268468008376658,3432,166
0,167,10.78125,9.921875,443730.9633573794,1.4704210118507035,3453,167
0,168,10.859375,9.984375,443729.48404705425,1.4793103251722641,3474,168
0,169,10.921875,10.046875,443726.3867940558,3.0972529984428547,3492,169
0,170,11.015625,10.140625,443724.9391645812,1.4476294746273197,3512,170
0,171,11.0625,10.1875,443723.8711715389,1.0679930422920734,3533,171
0,172,11.109375,10.234375,443721.2309491077,2.6402224312187172,3553,172
0,173,11.15625,10.28125,443720.7646115048,0.4663376028765924,3575,173
0,174,11.234375,10.34375,443719.78559128504,0.9790202197618783,3595,174
0,175,11.265625,10.375,443718.7712099175,1.01438136753859,3616,175
0,176,11.328125,10.4375,443717.62986222387,1.1413476936286315,3636,176
0,177,11.375,10.484375,443716.2163048348,1.4135573890525848,3653,177
0,178,11.453125,10.546875,443715.0534484919,1.1628563429112546,3674,178
0,179,11.5625,10.640625,443713.67851425486,1.3749342370429076,3691,179
0,180,11.609375,10.6875,443712.4317256579,1.2467885969672352,3712,180
0,181,11.65625,10.734375,443710.3208785814,2.11084707651753,3730,181
0,182,11.703125,10.78125,443709.5473546405,0.7735239408793859,3751,182
0,183,11.765625,10.84375,443708.54757389094,0.9997807495528832,3772,183
0,184,11.84375,10.90625,443707.4823051046,1.0652687863330357,3792,184
0,185,11.90625,10.953125,443707.09491457377,0.38739053084282205,3814,185
0,186,11.953125,11.0,443705.53567389376,1.5592406800133176,3836,186
0,187,12.015625,11.0625,443704.5750885034,0.9605853903340176,3855,187
0,188,12.125,11.15625,443702.88218548393,1.6929030194878578,3876,188
0,189,12.171875,11.203125,443702.09050861554,0.7916768683935516,3896,189
0,190,12.234375,11.25,443700.4890646868,1.6014439287246205,3916,190
0,191,12.28125,11.296875,443699.4407968458,1.0482678409898654,3936,191
0,192,12.34375,11.359375,443698.7117217821,0.7290750637184829,3958,192
0,193,12.421875,11.421875,443698.4710093152,0.24071246688254178,3979,193
0,194,12.46875,11.46875,443697.03801793384,1.4329913813853636,3999,194
0,195,12.515625,11.515625,443696.68030547583,0.35771245800424367,4020,195
0,196,12.578125,11.5625,443696.1012731523,0.5790323235560209,4041,196
0,197,12.640625,11.625,443695.6386043399,0.4626688123680651,4060,197
0,198,12.71875,11.6875,443694.3904670653,1.2481372745824046,4081,198
0,199,12.765625,11.734375,443693.49374801386,0.8967190514667891,4102,199
0,200,12.828125,11.78125,443692.29367904057,1.2000689732958563,4122,200
0,201,12.875,11.828125,443691.615290183,0.6783888575737365,4143,201
0,202,12.9375,11.875,443690.2252133758,1.3900768071762286,4161,202
0,203,13.015625,11.9375,443689.81323483,0.4119785458315164,4183,203
0,204,13.078125,11.984375,443689.3644514935,0.4487833364983089,4202,204
0,205,13.15625,12.046875,443688.90558320447,0.4588682890171185,4223,205
0,206,13.265625,12.140625,443687.79220686475,1.1133763397228904,4240,206
0,207,13.3125,12.1875,443686.9697549681,0.8224518966744654,4259,207
0,208,13.390625,12.25,443685.617339117,1.3524158510845155,4277,208
0,209,13.484375,12.328125,443684.9339323728,0.6834067442105152,4297,209
0,210,13.53125,12.375,443684.2782906731,0.6556416996754706,4317,210
0,211,13.578125,12.421875,443683.70996842696,0.5683222461375408,4338,211
0,212,13.65625,12.484375,443682.8314014632,0.8785669637727551,4358,212
0,213,13.71875,12.546875,443682.3658707097,0.4655307534849271,4379,213
0,214,13.796875,12.625,443681.31830715254,1.0475635571638122,4399,214
0,215,13.859375,12.671875,443680.4684189737,0.8498881788691506,4419,215
0,216,13.90625,12.71875,443679.760601575,0.7078173986519687,4439,216
0,217,13.96875,12.765625,443679.1513126857,0.6092888893326744,4461,217
0,218,14.0,12.796875,443678.66815191746,0.4831607682281174,4481,218
0,219,14.078125,12.859375,443678.48194078205,0.18621113541303203,4503,219
0,220,14.125,12.90625,443677.95676273253,0.5251780495163985,4522,220
0,221,14.1875,12.96875,443677.21477505664,0.7419876758940518,4543,221
0,222,14.234375,13.015625,443676.98339993594,0.2313751206966117,4565,222
0,223,14.296875,13.078125,443676.096175614,0.8872243219520897,4585,223
0,224,14.359375,13.140625,443675.53018328326,0.5659923307248391,4606,224
0,225,14.390625,13.171875,443674.89642173937,0.6337615438969806,4624,225
0,226,14.46875,13.234375,443673.6050342099,1.2913875294616446,4643,226
0,227,14.515625,13.28125,443673.30649551004,0.2985386998625472,4665,227
0,228,14.59375,13.34375,443672.2813956531,1.0250998569536023,4682,228
0,229,14.65625,13.40625,443671.92597459286,0.35542106023058295,4704,229
0,230,14.703125,13.453125,443671.28434757196,0.641627020901069,4722,230
0,231,14.75,13.5,443670.8089001463,0.4754474256769754,4744,231
0,232,14.8125,13.5625,443669.9377538485,0.8711462977807969,4764,232
0,233,14.859375,13.609375,443669.53662455175,0.4011292967479676,4783,233
0,234,14.9375,13.671875,443668.6296520246,0.9069725271547213,4804,234
0,235,15.0,13.734375,443668.1052845367,0.5243674878729507,4825,235
0,236,15.09375,13.8125,443667.78176211,0.32352242671186104,4845,236
0,237,15.140625,13.859375,443667.3470258141,0.434736295894254,4865,237
0,238,15.203125,13.90625,443666.97183056554,0.3751952485763468,4887,238
0,239,15.265625,13.96875,443666.2238260745,0.7480044910334982,4907,239
0,240,15.328125,14.03125,443665.76119605167,0.46263002284104005,4928,240
0,241,15.40625,14.109375,443665.41543247865,0.34576357301557437,4949,241
0,242,15.46875,14.171875,443665.1316736608,0.2837588178226724,4969,242
0,243,15.515625,14.21875,443664.68717889854,0.4444947622832842,4990,243
0,244,15.59375,14.28125,443663.82861358876,0.8585653097834438,5011,244
0,245,15.671875,14.34375,443663.42790932517,0.4007042635930702,5033,245
0,246,15.734375,14.40625,443663.0183889676,0.40952035755617544,5053,246
0,247,15.8125,14.484375,443662.82303941174,0.19534955587005243,5076,247
0,248,15.859375,14.53125,443662.3383714522,0.4846679595648311,5097,248
0,249,15.9375,14.59375,443661.8678037631,0.4705676891026087,5118,249
0,250,16.0,14.65625,443661.7708811639,0.09692259918665513,5138,250
0,251,16.046875,14.703125,443661.63292857376,0.13795259012840688,5160,251
0,252,16.078125,14.734375,443660.7869334749,0.8459950988763012,5177,252
0,253,16.15625,14.796875,443660.6264250646,0.16050841030664742,5199,253
0,254,16.203125,14.84375,443659.4552287842,1.1711962803965434,5219,254
0,255,16.265625,14.890625,443658.7012902207,0.7539385634590872,5239,255
0,256,16.328125,14.953125,443658.2533586873,0.44793153344653547,5259,256
0,257,16.359375,14.984375,443657.87393110537,0.37942758190911263,5280,257
0,258,16.421875,15.046875,443657.40563176875,0.46829933661501855,5299,258
0,259,16.515625,15.140625,443657.0396307267,0.3660010420717299,5320,259
0,260,16.546875,15.171875,443656.22464271716,0.8149880095152184,5341,260
0,261,16.609375,15.234375,443655.604574054,0.6200686631491408,5362,261
0,262,16.65625,15.28125,443655.37347660935,0.23109744465909898,5384,262
0,263,16.71875,15.34375,443654.45703645964,0.9164401497109793,5403,263
0,264,16.765625,15.390625,443654.06004302093,0.39699343871325254,5423,264
0,265,16.828125,15.453125,443653.544589682,0.5154533389140852,5443,265
0,266,16.90625,15.53125,443653.02225657436,0.5223331076558679,5463,266
0,267,16.953125,15.578125,443652.84285415313,0.17940242122858763,5485,267
0,268,17.015625,15.640625,443652.5988980946,0.24395605851896107,5506,268
0,269,17.09375,15.703125,443652.0799015823,0.5189965122845024,5524,269
0,270,17.140625,15.75,443651.8437269984,0.23617458390071988,5545,270
0,271,17.21875,15.8125,443651.66622906335,0.17749793507391587,5567,271
0,272,17.28125,15.875,443651.15356465365,0.5126644097035751,5587,272
0,273,17.34375,15.9375,443650.92329601885,0.23026863479753956,5608,273
0,274,17.390625,15.984375,443650.445633651,0.47766236786264926,5629,274
0,275,17.453125,16.046875,443650.1793020289,0.2663316220859997,5651,275
0,276,17.5,16.09375,443649.8679318561,0.31137017282890156,5672,276
0,277,17.578125,16.171875,443649.7562145039,0.11171735217794776,5695,277
0,278,17.640625,16.234375,443649.3531554014,0.4030591024784371,5716,278
0,279,17.703125,16.296875,443648.86701850564,0.4861368957790546,5737,279
0,280,17.765625,16.359375,443648.6639857851,0.2030327205429785,5759,280
0,281,17.8125,16.40625,443648.0561472509,0.6078385341679677,5779,281
0,282,17.890625,16.46875,443647.7736912821,0.28245596884517,5800,282
0,283,17.9375,16.515625,443647.5701406066,0.20355067547643557,5821,283
0,284,17.984375,16.5625,443647.2152921537,0.35484845290193334,5842,284
0,285,18.046875,16.625,443646.82606524695,0.38922690675826743,5861,285
0,286,18.109375,16.671875,443646.3200386131,0.5060266338405199,5881,286
0,287,18.15625,16.71875,443645.99356544664,0.3264731664676219,5902,287
0,288,18.203125,16.765625,443645.8846448685,0.10892057814635336,5923,288
0,289,18.25,16.8125,443645.6138197762,0.27082509227329865,5942,289
0,290,18.328125,16.875,443645.3148884687,0.2989313075086102,5963,290
0,291,18.375,16.921875,443644.8466418328,0.46824663592269644,5983,291
0,292,18.453125,16.984375,443644.5623421604,0.28429967240663245,6004,292
0,293,18.5,17.03125,443644.35741286265,0.20492929773172364,6025,293
0,294,18.59375,17.125,443643.7931861199,0.5642267427756451,6045,294
0,295,18.671875,17.1875,443643.620141977,0.17304414289537817,6067,295
0,296,18.734375,17.234375,443643.31881615485,0.3013258221326396,6088,296
0,297,18.78125,17.28125,443641.45962142467,1.859194730175659,6111,297
0,298,18.828125,17.328125,443640.6493232319,0.8102981927804649,6134,298
0,299,18.890625,17.390625,443640.34919866,0.30012457189150155,6156,299
0,300,18.953125,17.453125,443639.9772166151,0.37198204488959163,6177,300
0,301,19.046875,17.53125,443639.7536564311,0.22356018400751054,6197,301
0,302,19.09375,17.578125,443639.63579445716,0.11786197393666953,6219,302
0,303,19.15625,17.640625,443639.5238274718,0.11196698533603922,6241,303
0,304,19.21875,17.703125,443639.2598231938,0.26400427805492654,6262,304
0,305,19.265625,17.75,443638.95836481906,0.30145837471354753,6283,305
0,306,19.3125,17.796875,443638.7626704937,0.19569432537537068,6304,306
0,307,19.40625,17.875,443638.29199729464,0.4706731990445405,6323,307
0,308,19.453125,17.921875,443638.18255545676,0.10944183787796646,6345,308
0,309,19.515625,17.984375,443637.8702927594,0.31226269737817347,6366,309
0,310,19.578125,18.03125,443637.56256671564,0.30772604374215007,6386,310
0,311,19.640625,18.09375,443637.21593052783,0.3466361878090538,6405,311
0,312,19.75,18.1875,443636.9622311541,0.2536993737448938,6426,312
0,313,19.796875,18.234375,443636.0481704815,0.9140606725704856,6445,313
0,314,19.875,18.296875,443635.7883481156,0.25982236594427377,6463,314
0,315,19.921875,18.34375,443635.2028919201,0.5854561954620294,6483,315
0,316,20.015625,18.421875,443635.01235130767,0.19054061244241893,6501,316
0,317,20.046875,18.453125,443634.41239760246,0.5999537052121013,6521,317
0,318,20.125,18.515625,443634.229257559,0.18314004346029833,6543,318
0,319,20.171875,18.5625,443634.1004399582,0.12881760078016669,6565,319
0,320,20.234375,18.609375,443633.9405653154,0.15987464279169217,6585,320
0,321,20.328125,18.703125,443633.7371278495,0.20343746594153345,6607,321
0,322,20.390625,18.75,443633.4717820302,0.26534581929445267,6628,322
0,323,20.453125,18.8125,443633.1479434931,0.32383853709325194,6647,323
0,324,20.53125,18.875,443632.8823237666,0.26561972650233656,6668,324
0,325,20.578125,18.921875,443632.71328306076,0.16904070583404973,6690,325
0,326,20.65625,18.984375,443632.2341662305,0.47911683027632535,6711,326
0,327,20.734375,19.046875,443632.01936495485,0.2148012756370008,6731,327
0,328,20.8125,19.109375,443631.5608241609,0.45854079397395253,6752,328
0,329,20.875,19.171875,443631.27198573056,0.28883843030780554,6773,329
0,330,20.96875,19.265625,443631.0987130878,0.17327264277264476,6794,330
0,331,21.03125,19.328125,443631.00455053407,0.09416255372343585,6815,331
0,332,21.109375,19.390625,443630.9560423869,0.04850814718520269,6838,332
0,333,21.15625,19.4375,443630.7829564484,0.17308593849884346,6859,333
0,334,21.21875,19.5,443630.59269883693,0.19025761145167053,6879,334
0,335,21.265625,19.546875,443630.3566330454,0.23606579151237383,6900,335
0,336,21.34375,19.609375,443630.17921209056,0.1774209548602812,6921,336
0,337,21.421875,19.671875,443629.74084600457,0.43836608598940074,6940,337
0,338,21.484375,19.734375,443629.5570415125,0.1838044920586981,6961,338
0,339,21.53125,19.78125,443629.2391869426,0.31785456993384287,6980,339
0,340,21.59375,19.84375,443629.0349313466,0.20425559597788379,7000,340
0,341,21.640625,19.890625,443628.90995639144,0.12497495516436175,7021,341
0,342,21.703125,19.953125,443628.6737469503,0.23620944115100428,7042,342
0,343,21.765625,20.015625,443628.5410901145,0.13265683577628806,7062,343
0,344,21.84375,20.078125,443628.4938045252,0.04728558933129534,7084,344
0,345,21.921875,20.15625,443628.2216909231,0.27211360208457336,7105,345
0,346,21.96875,20.203125,443628.1413258031,0.08036511996760964,7126,346
0,347,22.03125,20.265625,443627.9648619827,0.1764638204476796,7146,347
0,348,22.09375,20.328125,443627.6516781574,0.3131838252884336,7167,348
0,349,22.15625,20.390625,443627.5911216551,0.060556502314284444,7187,349
0,350,22.234375,20.453125,443627.464272546,0.12684910907410085,7209,350
0,351,22.3125,20.515625,443627.3197147452,0.1445578007842414,7230,351
0,352,22.359375,20.5625,443627.17539724073,0.14431750448420644,7252,352
0,353,22.4375,20.625,443627.02796158695,0.14743565378012136,7273,353
0,354,22.484375,20.671875,443626.7806616912,0.2472998957382515,7290,354
0,355,22.546875,20.734375,443626.60835009126,0.17231159994844347,7310,355
0,356,22.640625,20.828125,443626.4478407158,0.16050937544787303,7331,356
0,357,22.6875,20.875,443626.27918141824,0.16865929757477716,7353,357
0,358,22.71875,20.90625,443626.12296265125,0.1562187669915147,7371,358
0,359,22.765625,20.953125,443626.0521114216,0.07085122965509072,7393,359
0,360,22.828125,21.015625,443625.90542178764,0.1466896339552477,7414,360
0,361,22.90625,21.09375,443625.5472887962,0.35813299141591415,7434,361
0,362,22.96875,21.140625,443625.41182321636,0.13546557986410335,7454,362
0,363,23.046875,21.203125,443625.28839014895,0.12343306740513071,7476,363
0,364,23.125,21.265625,443625.24479984894,0.04359030001796782,7499,364
0,365,23.21875,21.34375,443625.13367577316,0.11112407577456906,7520,365
0,366,23.28125,21.40625,443624.903887006,0.2297887671738863,7540,366
0,367,23.34375,21.46875,443624.6387037698,0.26518323621712625,7561,367
0,368,23.390625,21.515625,443624.542497585,0.0962061847676523,7580,368
0,369,23.453125,21.5625,443624.333514899,0.20898268598830327,7599,369
0,370,23.53125,21.625,443624.1347170445,0.19879785453667864,7620,370
0,371,23.625,21.703125,443624.0566658055,0.07805123896105215,7641,371
0,372,23.671875,21.75,443623.9723196967,0.08434610883705318,7662,372
0,373,23.703125,21.78125,443623.6421937964,0.33012590027647093,7682,373
0,374,23.8125,21.875,443623.5072799824,0.13491381402127445,7702,374
0,375,23.90625,21.953125,443623.4318713736,0.07540860876906663,7723,375
0,376,23.953125,22.0,443623.35646267375,0.07540869986405596,7744,376
0,377,24.015625,22.0625,443623.2572111676,0.09925150615163147,7765,377
0,378,24.0625,22.109375,443623.00041203713,0.256799130467698,7784,378
0,379,24.140625,22.171875,443622.8607764066,0.1396356305340305,7805,379
0,380,24.203125,22.21875,443622.59847100225,0.2623054043506272,7824,380
0,381,24.25,22.265625,443622.4515470775,0.14692392473807558,7842,381
0,382,24.3125,22.328125,443622.29829915357,0.15324792393948883,7863,382
0,383,24.390625,22.40625,443622.1714880649,0.12681108864489943,7883,383
0,384,24.453125,22.46875,443622.0818973977,0.08959066722309217,7902,384
0,385,24.53125,22.53125,443621.9207630794,0.16113431827398017,7922,385
0,386,24.609375,22.59375,443621.8463807211,0.07438235834706575,7943,386
0,387,24.65625,22.640625,443621.66518447077,0.18119625031249598,7964,387
0,388,24.71875,22.703125,443621.46674311964,0.19844135112361982,7983,388
0,389,24.765625,22.75,443621.40500866127,0.06173445837339386,8005,389
0,390,24.84375,22.8125,443621.22860556917,0.17640309210401028,8024,390
0,391,24.921875,22.875,443621.119422556,0.10918301314814016,8046,391
0,392,25.046875,22.984375,443621.0002025143,0.11922004172811285,8066,392
0,393,25.09375,23.03125,443620.8505026486,0.14969986566575244,8086,393
0,394,25.15625,23.09375,443620.6480351143,0.2024675343418494,8107,394
0,395,25.203125,23.140625,443620.5490107356,0.0990243786945939,8128,395
0,396,25.28125,23.203125,443620.4476249352,0.10138580040074885,8149,396
0,397,25.34375,23.25,443620.24712677114,0.20049816404934973,8170,397
0,398,25.421875,23.3125,443620.1370138251,0.11011294601485133,8192,398
0,399,25.484375,23.375,443620.01525808946,0.12175573565764353,8214,399
0,400,25.515625,23.40625,443619.9474545323,0.06780355714727193,8235,400
0,401,25.625,23.5,443619.8845886418,0.06286589050432667,8256,401
0,402,25.65625,23.53125,443619.74022482935,0.14436381246196106,8276,402
0,403,25.71875,23.59375,443619.4985853942,0.24163943517487496,8295,403
0,404,25.78125,23.65625,443619.41687683534,0.0817085588350892,8317,404
0,405,25.828125,23.703125,443619.23866295407,0.1782138812704943,8336,405
0,406,25.890625,23.75,443619.1298105762,0.10885237785987556,8356,406
0,407,25.96875,23.8125,443619.06128199387,0.06852858234196901,8377,407
0,408,26.046875,23.875,443618.9302540392,0.13102795468876138,8395,408
0,409,26.09375,23.921875,443618.78470602666,0.14554801251506433,8415,409
0,410,26.15625,23.984375,443618.7674721538,0.017233872844371945,8437,410
0,411,26.203125,24.03125,443618.5185491537,0.24892300012288615,8458,411
0,412,26.28125,24.09375,443618.396105764,0.12244338967138901,8480,412
0,413,26.3125,24.125,443618.0981298195,0.2979759445297532,8498,413
0,414,26.359375,24.171875,443617.93232488306,0.1658049364341423,8518,414
0,415,26.421875,24.21875,443617.77838684904,0.15393803402548656,8538,415
0,416,26.484375,24.28125,443617.73493310204,0.04345374699914828,8560,416
0,417,26.515625,24.3125,443617.54253925517,0.1923938468680717,8581,417
0,418,26.625,24.40625,443617.48077700374,0.06176225142553449,8603,418
0,419,26.671875,24.453125,443617.3867902884,0.09398671536473557,8624,419
0,420,26.75,24.515625,443617.2004321736,0.18635811476269737,8645,420
0,421,26.796875,24.5625,443617.1105656127,0.08986656094202772,8666,421
0,422,26.859375,24.625,443617.0660209782,0.04454463446745649,8688,422
0,423,26.921875,24.6875,443616.96416223113,0.10185874707531184,8708,423
0,424,26.953125,24.71875,443616.8692391497,0.09492308145854622,8729,424
0,425,27.03125,24.78125,443616.7590858464,0.11015330324880779,8750,425
0,426,27.078125,24.828125,443616.6624603535,0.09662549290806055,8772,426
0,427,27.140625,24.890625,443616.54745268787,0.11500766564859077,8793,427
0,428,27.203125,24.953125,443616.41284534405,0.13460734381806105,8813,428
0,429,27.265625,25.015625,443616.34819258517,0.06465275888331234,8834,429
0,430,27.328125,25.078125,443616.2891615847,0.05903100047726184,8855,430
0,431,27.390625,25.140625,443616.1345401197,0.1546214650152251,8876,431
0,432,27.4375,25.1875,443615.923411402,0.21112871769582853,8897,432
0,433,27.484375,25.234375,443615.84869931295,0.07471208903007209,8916,433
0,434,27.53125,25.28125,443615.7804567029,0.06824261002475396,8937,434
0,435,27.609375,25.34375,443615.7553278494,0.025128853507339954,8960,435
0,436,27.671875,25.40625,443615.671830637,0.0834972124430351,8981,436
0,437,27.75,25.46875,443615.56085486966,0.11097576731117442,9002,437
0,438,27.8125,25.53125,443615.47567654884,0.08517832081997767,9023,438
0,439,27.90625,25.609375,443615.3904153816,0.08526116725988686,9044,439
0,440,27.96875,25.65625,443615.2764761443,0.11393923725700006,9062,440
0,441,28.03125,25.71875,443615.16280302504,0.11367311928188428,9080,441
0,442,28.09375,25.765625,443615.0534006989,0.10940232616849244,9101,442
0,443,28.140625,25.8125,443614.9142109369,0.13918976194690913,9122,443
0,444,28.203125,25.875,443614.794961333,0.11924960394389927,9143,444
0,445,28.3125,25.96875,443614.7496683767,0.04529295628890395,9163,445
0,446,28.359375,26.015625,443614.68708226347,0.06258611322846264,9184,446
0,447,28.40625,26.0625,443614.57804373174,0.10903853172203526,9202,447
0,448,28.46875,26.125,443614.5276847583,0.05035897344350815,9224,448
0,449,28.515625,26.171875,443614.41220089025,0.11548386805225164,9245,449
0,450,28.578125,26.234375,443614.3025174215,0.10968346876325086,9263,450
0,451,28.640625,26.296875,443614.19810556615,0.10441185534000397,9284,451
0,452,28.6875,26.34375,443614.1105654992,0.08754006691742688,9305,452
0,453,28.75,26.40625,443614.0345678354,0.07599766383646056,9326,453
0,454,28.859375,26.5,443613.99355345045,0.0410143849439919,9346,454
0,455,28.921875,26.5625,443613.81969989784,0.17385355260921642,9366,455
0,456,29.0,26.625,443613.71826783876,0.10143205907661468,9386,456
0,457,29.0625,26.671875,443613.6155165647,0.10275127406930551,9406,457
0,458,29.109375,26.71875,443613.41425985546,0.20125670923152938,9427,458
0,459,29.15625,26.765625,443613.36898600654,0.045273848925717175,9447,459
0,460,29.203125,26.8125,443613.3096405687,0.059345437854062766,9468,460
0,461,29.25,26.859375,443613.288641444,0.020999124681111425,9491,461
0,462,29.3125,26.921875,443613.22373398504,0.06490745896007866,9510,462
0,463,29.390625,27.0,443613.2079500783,0.015783906739670783,9532,463
0,464,29.46875,27.0625,443613.02976509935,0.17818497895495966,9552,464
0,465,29.546875,27.125,443612.9916901244,0.03807497496018186,9574,465
0,466,29.5625,27.140625,443612.9187034288,0.07298669556621462,9595,466
0,467,29.625,27.1875,443612.8468038546,0.07189957419177517,9616,467
0,468,29.6875,27.25,443612.7689446955,0.07785915915155783,9637,468
0,469,29.765625,27.3125,443612.6868047474,0.08213994809193537,9658,469
0,470,29.84375,27.375,443612.6280291984,0.0587755489978008,9679,470
0,471,29.90625,27.421875,443612.54997003666,0.0780591617221944,9700,471
0,472,29.96875,27.484375,443612.4644199677,0.08555006893584505,9720,472
0,473,30.03125,27.546875,443612.40390873427,0.06051123345969245,9741,473
0,474,30.09375,27.609375,443612.37547875586,0.028429978410713375,9764,474
0,475,30.140625,27.65625,443612.3210053904,0.05447336548240855,9785,475
0,476,30.21875,27.71875,443612.2829373097,0.03806808067020029,9805,476
0,477,30.25,27.75,443612.1491911827,0.13374612701591104,9824,477
0,478,30.328125,27.8125,443612.0713680995,0.07782308320747688,9845,478
0,479,30.40625,27.875,443612.04282729723,0.0285408022464253,9868,479
0,480,30.515625,27.96875,443611.9023660047,0.14046129252528772,9887,480
0,481,30.578125,28.03125,443611.8301223363,0.07224366843001917,9909,481
0,482,30.640625,28.09375,443611.81850057107,0.011621765210293233,9932,482
0,483,30.6875,28.140625,443611.7027728731,0.11572769796475768,9952,483
0,484,30.71875,28.171875,443611.63123681315,0.07153605995699763,9973,484
0,485,30.796875,28.234375,443611.5822537666,0.04898304655216634,9995,485
0,486,30.859375,28.296875,443611.47635611723,0.10589764936594293,10016,486
0,487,30.90625,28.34375,443611.28628964315,0.19006647408241406,10035,487
0,488,30.984375,28.40625,443611.2308130599,0.0554765832494013,10057,488
0,489,31.03125,28.453125,443611.17774762545,0.05306543444748968,10078,489
0,490,31.109375,28.515625,443611.0884218267,0.08932579873362556,10098,490
0,491,31.171875,28.5625,443611.0439404837,0.0444813430076465,10120,491
0,492,31.234375,28.609375,443611.0126592191,0.03128126461524516,10142,492
0,493,31.28125,28.65625,443610.9317670819,0.08089213719358668,10164,493
0,494,31.3125,28.6875,443610.87704482814,0.0547222537570633,10185,494
0,495,31.390625,28.75,443610.762895914,0.11414891411550343,10205,495
0,496,31.46875,28.8125,443610.73438219825,0.028513715777080506,10228,496
0,497,31.515625,28.859375,443610.64552143763,0.08886076061753556,10248,497
0,498,31.59375,28.9375,443610.59424968326,0.05127175437519327,10270,498
0,499,31.671875,29.0,443610.5377177632,0.056531920039560646,10291,499
0,500,31.75,29.0625,443610.4687796677,0.06893809553002939,10312,500
0,501,31.828125,29.125,443610.43992434925,0.028855318436399102,10334,501
0,502,31.875,29.171875,443610.35251168074,0.08741266850847751,10355,502
0,503,31.953125,29.234375,443610.25702635077,0.09548532997723669,10373,503
0,504,32.03125,29.296875,443610.22898408683,0.028042263933457434,10396,504
0,505,32.078125,29.34375,443610.1831051854,0.045878901437390596,10418,505
0,506,32.15625,29.40625,443610.11300527735,0.07009990804363042,10439,506
0,507,32.25,29.5,443610.06128645374,0.0517188236117363,10460,507
0,508,32.328125,29.5625,443610.0136226961,0.04766375763574615,10481,508
0,509,32.375,29.609375,443609.96339203947,0.05023065663408488,10502,509
0,510,32.453125,29.671875,443609.9245643305,0.038827708980534226,10524,510
0,511,32.53125,29.734375,443609.88924623333,0.03531809715786949,10544,511
0,512,32.578125,29.78125,443609.83428493934,0.05496129399398342,10563,512
0,513,32.65625,29.84375,443609.7911545456,0.043130393722094595,10584,513
0,514,32.734375,29.90625,443609.6731706763,0.11798386933514848,10605,514
0,515,32.78125,29.953125,443609.62147258845,0.051698087831027806,10626,515
0,516,32.859375,30.03125,443609.48100370076,0.14046888769371435,10645,516
0,517,32.90625,30.078125,443609.4306836013,0.05032009945716709,10666,517
0,518,32.96875,30.140625,443609.3904486733,0.04023492801934481,10688,518
0,519,33.03125,30.203125,443609.34062626405,0.04982240922981873,10709,519
0,520,33.109375,30.265625,443609.26660575817,0.07402050588279963,10730,520
0,521,33.140625,30.296875,443609.24154353305,0.02506222511874512,10751,521
0,522,33.21875,30.359375,443609.14599599206,0.0955475409864448,10769,522
0,523,33.265625,30.40625,443609.0059958205,0.14000017155194655,10790,523
0,524,33.359375,30.484375,443608.9176897885,0.08830603200476617,10810,524
0,525,33.4375,30.5625,443608.8748723976,0.042817390931304544,10832,525
0,526,33.5,30.625,443608.83207023336,0.04280216421466321,10854,526
0,527,33.578125,30.6875,443608.67039396084,0.16167627251707017,10874,527
0,528,33.609375,30.71875,443608.58757588844,0.08281807240564376,10894,528
0,529,33.671875,30.78125,443608.5415371701,0.04603871831204742,10916,529
0,530,33.71875,30.828125,443608.49877925473,0.04275791539112106,10938,530
0,531,33.765625,30.875,443608.451564249,0.047215005732141435,10959,531
0,532,33.828125,30.9375,443608.37768922077,0.07387502823257819,10980,532
0,533,33.875,30.984375,443608.34549906396,0.032190156809519976,11002,533
0,534,33.953125,31.0625,443608.3320660979,0.013432966079562902,11024,534
0,535,34.015625,31.125,443608.2528178671,0.07924823078792542,11044,535
0,536,34.09375,31.203125,443608.1999747428,0.05284312431467697,11065,536
0,537,34.171875,31.265625,443608.1369183987,0.06305634404998273,11086,537
0,538,34.21875,31.3125,443608.0767434116,0.06017498712753877,11105,538
0,539,34.28125,31.375,443608.0349387897,0.041804621927440166,11127,539
0,540,34.34375,31.421875,443607.9421783592,0.09276043047429994,11145,540
0,541,34.390625,31.46875,443607.86293823615,0.07924012304283679,11165,541
0,542,34.4375,31.515625,443607.81856246444,0.044375771714840084,11186,542
0,543,34.515625,31.59375,443607.7706589791,0.04790348536334932,11207,543
0,544,34.578125,31.65625,443607.6899977773,0.08066120179137215,11227,544
0,545,34.65625,31.71875,443607.63207927364,0.05791850364767015,11248,545
0,546,34.71875,31.78125,443607.5467948339,0.08528443973045796,11269,546
0,547,34.796875,31.84375,443607.4964943572,0.050300476723350585,11290,547
0,548,34.828125,31.875,443607.44051046035,0.05598389683291316,11309,548
0,549,34.90625,31.9375,443607.3923160607,0.04819439962739125,11330,549
0,550,34.953125,31.984375,443607.320674778,0.0716412827023305,11351,550
0,551,35.0625,32.078125,443607.2794972555,0.04117752250749618,11373,551
0,552,35.109375,32.125,443607.1338236396,0.14567361591616645,11393,552
0,553,35.15625,32.171875,443607.1103808436,0.023442796024028212,11414,553
0,554,35.21875,32.234375,443607.0857085098,0.024672333791386336,11436,554
0,555,35.296875,32.296875,443607.0189484888,0.06676002097083256,11457,555
0,556,35.34375,32.34375,443606.9990350458,0.01991344301495701,11478,556
0,557,35.40625,32.40625,443606.89375293395,0.1052821118501015,11498,557
0,558,35.484375,32.484375,443606.8629166366,0.03083629737375304,11520,558
0,559,35.53125,32.53125,443606.7931074317,0.06980920489877462,11540,559
0,560,35.59375,32.59375,443606.73343421327,0.05967321840580553,11559,560
0,561,35.671875,32.65625,443606.64309441054,0.09033980272943154,11577,561
0,562,35.75,32.71875,443606.56151403725,0.0815803732839413,11597,562
0,563,35.796875,32.765625,443606.539919092,0.021594945224933326,11618,563
0,564,35.859375,32.828125,443606.49664811534,0.04327097669010982,11639,564
0,565,35.921875,32.875,443606.4872781305,0.00936998485121876,11662,565
